Row.ID,Order ID,Order Date,Ship Date,Region,Category,Sales,Quantity
1,CA-2016-152156,08-11-2016,11-11-2016,South,Furniture,261.96,2
2,CA-2016-152156,08-11-2016,11-11-2016,,,731.94,3
3,CA-2016-138688,12-06-2016,16-06-2016,West,Office Supplies,14.62,2
4,US-2015-108966,11-10-2015,18-10-2015,South,Furniture,957.5775,5
5,US-2015-108966,11-10-2015,18-10-2015,South,Office Supplies,22.368,2
6,CA-2014-115812,09-06-2014,14-06-2014,West,,48.86,7
7,CA-2014-115812,09-06-2014,14-06-2014,West,Office Supplies,7.28,4
8,CA-2014-115812,09-06-2014,14-06-2014,West,Technology,907.152,6
9,CA-2014-115812,09-06-2014,14-06-2014,West,Office Supplies,18.504,3
10,CA-2014-115812,09-06-2014,14-06-2014,West,Office Supplies,114.9,5
11,CA-2014-115812,09-06-2014,14-06-2014,West,Furniture,,9
12,CA-2014-115812,09-06-2014,14-06-2014,West,Technology,911.424,4
13,CA-2017-114412,15-04-2017,20-04-2017,South,Office Supplies,15.552,3
14,CA-2016-161389,05-12-2016,10-12-2016,West,Office Supplies,407.976,3
15,US-2015-118983,22-11-2015,26-11-2015,Central,Office Supplies,68.81,5
16,US-2015-118983,22-11-2015,26-11-2015,Central,Office Supplies,2.544,3
17,CA-2014-105893,11-11-2014,18-11-2014,Central,Office Supplies,665.88,6
18,CA-2014-167164,13-05-2014,15-05-2014,West,Office Supplies,55.5,2
19,CA-2014-143336,27-08-2014,01-09-2014,West,Office Supplies,8.56,2
20,CA-2014-143336,27-08-2014,01-09-2014,,,,3
21,CA-2014-143336,27-08-2014,01-09-2014,West,Office Supplies,22.72,4
22,CA-2016-137330,09-12-2016,13-12-2016,Central,Office Supplies,19.46,7
23,CA-2016-137330,09-12-2016,13-12-2016,Central,Office Supplies,60.34,7
24,US-2017-156909,16-07-2017,18-07-2017,East,Furniture,71.372,2
25,CA-2015-106320,25-09-2015,30-09-2015,West,Furniture,1044.63,3
26,CA-2016-121755,16-01-2016,20-01-2016,West,Office Supplies,11.648,2
27,CA-2016-121755,16-01-2016,20-01-2016,West,Technology,90.57,3
28,US-2015-150630,17-09-2015,21-09-2015,East,Furniture,3083.43,7
29,US-2015-150630,17-09-2015,21-09-2015,East,Office Supplies,9.618,2
30,US-2015-150630,17-09-2015,21-09-2015,East,Furniture,124.2,3
31,US-2015-150630,17-09-2015,21-09-2015,,Office Supplies,3.264,2
32,US-2015-150630,17-09-2015,21-09-2015,East,,86.304,6
33,US-2015-150630,17-09-2015,21-09-2015,East,Office Supplies,6.858,6
34,US-2015-150630,17-09-2015,21-09-2015,East,Office Supplies,15.76,2
35,CA-2017-107727,19-10-2017,23-10-2017,Central,Office Supplies,29.472,3
36,CA-2016-117590,08-12-2016,10-12-2016,Central,Technology,1097.544,7
37,CA-2016-117590,08-12-2016,10-12-2016,,Furniture,190.92,5
38,CA-2015-117415,27-12-2015,31-12-2015,Central,Office Supplies,113.328,9
39,CA-2015-117415,27-12-2015,31-12-2015,Central,Furniture,532.3992,3
40,CA-2015-117415,27-12-2015,31-12-2015,Central,Furniture,212.058,3
41,CA-2015-117415,27-12-2015,31-12-2015,,Technology,371.168,4
42,CA-2017-120999,10-09-2017,15-09-2017,Central,,147.168,4
43,CA-2016-101343,17-07-2016,22-07-2016,West,Office Supplies,,2
44,CA-2017-139619,19-09-2017,23-09-2017,South,Office Supplies,95.616,2
45,CA-2016-118255,11-03-2016,13-03-2016,Central,Technology,45.98,2
46,CA-2016-118255,11-03-2016,13-03-2016,Central,Office Supplies,17.46,2
47,CA-2014-146703,20-10-2014,25-10-2014,Central,Office Supplies,211.96,4
48,CA-2016-169194,20-06-2016,25-06-2016,East,Technology,45,3
49,CA-2016-169194,20-06-2016,25-06-2016,East,Technology,21.8,2
50,CA-2015-115742,18-04-2015,22-04-2015,Central,Office Supplies,38.22,6
51,CA-2015-115742,18-04-2015,22-04-2015,Central,Office Supplies,75.18,6
52,CA-2015-115742,18-04-2015,22-04-2015,Central,Furniture,6.16,2
53,CA-2015-115742,18-04-2015,22-04-2015,,Furniture,89.99,1
54,CA-2016-105816,11-12-2016,17-12-2016,East,Office Supplies,15.26,7
55,CA-2016-105816,11-12-2016,17-12-2016,East,Technology,1029.95,5
56,CA-2016-111682,17-06-2016,18-06-2016,,Office Supplies,208.56,6
57,CA-2016-111682,17-06-2016,18-06-2016,East,,32.4,5
58,CA-2016-111682,17-06-2016,18-06-2016,East,Furniture,,5
59,CA-2016-111682,17-06-2016,18-06-2016,East,Office Supplies,14.56,2
60,CA-2016-111682,17-06-2016,18-06-2016,East,Technology,30,2
61,CA-2016-111682,17-06-2016,18-06-2016,East,Office Supplies,48.48,4
62,CA-2016-111682,17-06-2016,18-06-2016,East,Office Supplies,1.68,1
63,CA-2015-135545,24-11-2015,30-11-2015,West,Technology,13.98,2
64,CA-2015-135545,24-11-2015,30-11-2015,West,Office Supplies,25.824,6
65,CA-2015-135545,24-11-2015,30-11-2015,West,Office Supplies,146.73,3
66,CA-2015-135545,24-11-2015,30-11-2015,West,Furniture,79.76,4
67,US-2015-164175,30-04-2015,05-05-2015,,Furniture,213.115,5
68,CA-2014-106376,05-12-2014,10-12-2014,West,Office Supplies,1113.024,8
69,CA-2014-106376,05-12-2014,10-12-2014,West,Technology,167.968,4
70,CA-2016-119823,04-06-2016,06-06-2016,South,Office Supplies,75.88,2
71,CA-2016-106075,18-09-2016,23-09-2016,East,,4.616,1
72,CA-2017-114440,14-09-2017,17-09-2017,Central,Office Supplies,,3
73,US-2015-134026,26-04-2015,02-05-2015,South,Furniture,831.936,8
74,US-2015-134026,26-04-2015,02-05-2015,South,Furniture,97.04,2
75,US-2015-134026,26-04-2015,02-05-2015,South,Office Supplies,72.784,1
76,US-2017-118038,09-12-2017,11-12-2017,Central,Office Supplies,1.248,3
77,US-2017-118038,09-12-2017,11-12-2017,Central,Furniture,9.708,3
78,US-2017-118038,09-12-2017,11-12-2017,Central,Office Supplies,27.24,3
79,US-2014-147606,26-11-2014,01-12-2014,Central,Furniture,19.3,5
80,CA-2016-127208,12-06-2016,15-06-2016,South,Office Supplies,208.16,1
81,CA-2016-127208,12-06-2016,15-06-2016,South,Office Supplies,16.74,3
82,CA-2014-139451,12-10-2014,16-10-2014,West,Office Supplies,14.9,5
83,CA-2014-139451,12-10-2014,16-10-2014,West,Office Supplies,21.39,1
84,CA-2015-149734,03-09-2015,08-09-2015,,Office Supplies,200.984,7
85,US-2017-119662,13-11-2017,16-11-2017,Central,Office Supplies,230.376,3
86,CA-2017-140088,28-05-2017,30-05-2017,South,Furniture,301.96,2
87,CA-2017-155558,26-10-2017,02-11-2017,Central,,19.99,1
88,CA-2017-155558,26-10-2017,02-11-2017,Central,Office Supplies,6.16,2
89,CA-2016-159695,05-04-2016,10-04-2016,Central,Office Supplies,,7
90,CA-2016-109806,17-09-2016,22-09-2016,West,Office Supplies,20.1,3
91,CA-2016-109806,17-09-2016,22-09-2016,West,Technology,73.584,2
92,CA-2016-109806,17-09-2016,22-09-2016,West,Office Supplies,6.48,1
93,CA-2015-149587,31-01-2015,05-02-2015,Central,Office Supplies,12.96,2
94,CA-2015-149587,31-01-2015,05-02-2015,Central,Furniture,53.34,3
95,CA-2015-149587,31-01-2015,05-02-2015,Central,Office Supplies,32.96,2
96,US-2017-109484,06-11-2017,12-11-2017,West,Office Supplies,5.682,1
97,CA-2017-161018,09-11-2017,11-11-2017,East,Furniture,96.53,7
98,CA-2017-157833,17-06-2017,20-06-2017,West,,51.312,3
99,CA-2016-149223,06-09-2016,11-09-2016,Central,Office Supplies,77.88,6
100,CA-2016-158568,29-08-2016,02-09-2016,,Office Supplies,64.624,7
101,CA-2016-158568,29-08-2016,02-09-2016,Central,Technology,95.976,3
102,CA-2016-158568,29-08-2016,02-09-2016,Central,Office Supplies,1.788,3
103,CA-2016-129903,01-12-2016,04-12-2016,Central,Office Supplies,23.92,4
104,US-2015-156867,13-11-2015,17-11-2015,,Technology,238.896,6
105,US-2015-156867,13-11-2015,17-11-2015,West,,102.36,3
106,US-2015-156867,13-11-2015,17-11-2015,West,Office Supplies,36.882,3
107,CA-2017-119004,23-11-2017,28-11-2017,South,Technology,74.112,8
108,CA-2017-119004,23-11-2017,28-11-2017,South,Technology,27.992,1
109,CA-2017-119004,23-11-2017,28-11-2017,South,Office Supplies,3.304,1
110,CA-2015-129476,15-10-2015,20-10-2015,Central,Technology,339.96,5
111,CA-2017-146780,25-12-2017,30-12-2017,East,Furniture,41.96,2
112,CA-2016-128867,03-11-2016,10-11-2016,Central,Office Supplies,75.96,2
113,CA-2016-128867,03-11-2016,10-11-2016,Central,Office Supplies,27.24,6
114,CA-2014-115259,25-08-2014,27-08-2014,East,Office Supplies,40.096,14
115,CA-2014-115259,25-08-2014,27-08-2014,East,,4.72,2
116,CA-2014-115259,25-08-2014,27-08-2014,East,Office Supplies,23.976,3
117,CA-2014-115259,25-08-2014,27-08-2014,East,Office Supplies,130.464,6
118,CA-2015-110457,02-03-2015,06-03-2015,West,Furniture,787.53,3
119,US-2015-136476,05-04-2015,10-04-2015,South,Office Supplies,157.794,1
120,CA-2016-103730,12-06-2016,15-06-2016,East,Furniture,47.04,3
121,CA-2016-103730,12-06-2016,15-06-2016,East,,30.84,4
122,CA-2016-103730,12-06-2016,15-06-2016,,Office Supplies,226.56,6
123,CA-2016-103730,12-06-2016,15-06-2016,East,Office Supplies,115.02,9
124,CA-2016-103730,12-06-2016,15-06-2016,East,Technology,68.04,7
125,US-2014-152030,26-12-2014,28-12-2014,Central,Furniture,600.558,3
126,US-2014-134614,20-09-2014,25-09-2014,Central,Furniture,617.7,6
127,US-2017-107272,05-11-2017,12-11-2017,West,Office Supplies,2.388,2
128,US-2017-107272,05-11-2017,12-11-2017,West,Office Supplies,243.992,7
129,US-2016-125969,06-11-2016,10-11-2016,West,Furniture,81.424,2
130,US-2016-125969,06-11-2016,10-11-2016,West,Furniture,238.56,3
131,US-2017-164147,02-02-2017,05-02-2017,East,Technology,59.97,5
132,US-2017-164147,02-02-2017,05-02-2017,East,Office Supplies,78.304,2
133,US-2017-164147,02-02-2017,05-02-2017,East,Office Supplies,21.456,9
134,CA-2016-145583,13-10-2016,19-10-2016,West,Office Supplies,20.04,3
135,CA-2016-145583,13-10-2016,19-10-2016,West,,35.44,1
136,CA-2016-145583,13-10-2016,19-10-2016,West,Office Supplies,11.52,4
137,CA-2016-145583,13-10-2016,19-10-2016,West,,4.02,2
138,CA-2016-145583,13-10-2016,19-10-2016,West,Office Supplies,76.176,3
139,CA-2016-145583,13-10-2016,19-10-2016,,Office Supplies,65.88,6
140,CA-2016-145583,13-10-2016,19-10-2016,West,Furniture,43.12,14
141,CA-2016-110366,05-09-2016,07-09-2016,East,Furniture,82.8,2
142,CA-2017-106180,18-09-2017,23-09-2017,West,Office Supplies,8.82,3
143,CA-2017-106180,18-09-2017,23-09-2017,West,Office Supplies,10.86,3
144,CA-2017-106180,18-09-2017,23-09-2017,West,Office Supplies,143.7,3
145,CA-2017-155376,22-12-2017,27-12-2017,Central,Office Supplies,839.43,3
146,CA-2015-110744,07-09-2015,12-09-2015,West,Office Supplies,671.93,7
147,CA-2014-110072,22-10-2014,28-10-2014,East,Furniture,93.888,4
148,CA-2016-114489,05-12-2016,09-12-2016,Central,Technology,384.45,11
149,CA-2016-114489,05-12-2016,09-12-2016,Central,Technology,149.97,3
150,CA-2016-114489,05-12-2016,09-12-2016,Central,Furniture,1951.84,8
151,CA-2016-114489,05-12-2016,09-12-2016,Central,Office Supplies,171.55,5
152,CA-2016-158834,13-03-2016,16-03-2016,West,Office Supplies,157.92,5
153,CA-2016-158834,13-03-2016,16-03-2016,West,Technology,203.184,2
154,CA-2015-124919,31-05-2015,02-06-2015,West,Office Supplies,58.38,7
155,CA-2015-124919,31-05-2015,02-06-2015,West,,105.52,4
156,CA-2015-124919,31-05-2015,02-06-2015,West,Office Supplies,80.88,6
157,CA-2015-118948,28-05-2015,03-06-2015,West,Office Supplies,6.63,3
158,CA-2014-104269,01-03-2014,06-03-2014,,Furniture,457.568,2
159,CA-2016-114104,20-11-2016,24-11-2016,Central,Office Supplies,14.62,2
160,CA-2016-114104,20-11-2016,24-11-2016,Central,Technology,944.93,7
161,CA-2016-162733,11-05-2016,12-05-2016,West,Office Supplies,5.98,1
162,CA-2015-119697,28-12-2015,31-12-2015,East,Technology,54.384,2
163,CA-2016-154508,16-11-2016,20-11-2016,West,Office Supplies,28.4,5
165,CA-2014-139892,08-09-2014,12-09-2014,Central,Office Supplies,9.936,3
164,CA-2016-113817,07-11-2016,11-11-2016,West,Office Supplies,27.68,2
165,CA-2014-139892,08-09-2014,12-09-2014,Central,Office Supplies,9.936,3
166,CA-2014-139892,08-09-2014,12-09-2014,Central,Technology,8159.952,8
167,CA-2014-139892,08-09-2014,12-09-2014,Central,Office Supplies,275.928,3
168,CA-2014-139892,08-09-2014,12-09-2014,Central,Furniture,1740.06,9
169,CA-2014-139892,08-09-2014,12-09-2014,Central,Office Supplies,32.064,6
170,CA-2014-139892,08-09-2014,12-09-2014,Central,,177.98,5
171,CA-2014-139892,08-09-2014,12-09-2014,Central,Technology,143.976,3
172,CA-2014-118962,05-08-2014,09-08-2014,West,Office Supplies,20.94,3
173,CA-2014-118962,05-08-2014,09-08-2014,,Office Supplies,110.96,2
174,CA-2014-118962,05-08-2014,09-08-2014,West,Furniture,340.144,7
175,US-2014-100853,14-09-2014,19-09-2014,Central,Office Supplies,52.448,2
176,US-2014-100853,14-09-2014,19-09-2014,Central,Office Supplies,20.16,4
177,US-2017-152366,21-04-2017,25-04-2017,Central,Office Supplies,97.264,4
178,US-2015-101511,21-11-2015,23-11-2015,East,Furniture,396.802,7
179,US-2015-101511,21-11-2015,23-11-2015,East,Office Supplies,15.88,5
180,CA-2015-137225,15-12-2015,19-12-2015,East,Office Supplies,3.28,1
181,CA-2014-166191,05-12-2014,09-12-2014,Central,Office Supplies,24.816,2
182,CA-2014-166191,05-12-2014,09-12-2014,Central,Technology,,7
183,CA-2014-158274,19-11-2014,24-11-2014,South,Technology,503.96,4
184,CA-2014-158274,19-11-2014,24-11-2014,South,Technology,149.95,5
185,CA-2014-158274,19-11-2014,24-11-2014,South,Technology,29,2
186,CA-2016-105018,28-11-2016,02-12-2016,East,Office Supplies,7.16,2
187,CA-2014-123260,26-08-2014,30-08-2014,West,Technology,176.8,8
188,CA-2016-157000,16-07-2016,22-07-2016,Central,Office Supplies,37.224,3
189,CA-2016-157000,16-07-2016,22-07-2016,Central,Office Supplies,20.016,3
190,CA-2015-102281,12-10-2015,14-10-2015,East,Furniture,899.136,4
191,CA-2015-102281,12-10-2015,14-10-2015,East,Technology,71.76,6
192,CA-2015-102281,12-10-2015,14-10-2015,East,Office Supplies,51.84,8
193,CA-2015-102281,12-10-2015,14-10-2015,East,Furniture,626.352,3
194,CA-2015-102281,12-10-2015,14-10-2015,East,Office Supplies,19.9,5
195,CA-2015-131457,31-10-2015,06-11-2015,,Office Supplies,14.28,7
196,CA-2014-140004,21-03-2014,25-03-2014,East,Office Supplies,7.408,2
197,CA-2014-140004,21-03-2014,25-03-2014,East,Office Supplies,6.048,3
198,CA-2017-107720,06-11-2017,13-11-2017,East,,46.26,3
199,US-2017-124303,06-07-2017,13-07-2017,East,Office Supplies,2.946,2
200,US-2017-124303,06-07-2017,13-07-2017,East,Office Supplies,16.056,3
201,CA-2017-105074,24-06-2017,29-06-2017,East,Office Supplies,21.744,3
202,CA-2014-133690,03-08-2014,05-08-2014,West,Furniture,218.75,2
203,CA-2014-133690,03-08-2014,05-08-2014,West,Office Supplies,2.6,1
204,US-2017-116701,17-12-2017,21-12-2017,Central,Office Supplies,66.284,2
205,CA-2017-126382,03-06-2017,07-06-2017,South,Furniture,35.168,7
206,CA-2017-108329,09-12-2017,14-12-2017,West,Technology,444.768,4
207,CA-2017-135860,01-12-2017,07-12-2017,Central,Office Supplies,83.92,4
208,CA-2017-135860,01-12-2017,07-12-2017,Central,Technology,131.98,2
209,CA-2017-135860,01-12-2017,07-12-2017,Central,Office Supplies,,4
210,CA-2017-135860,01-12-2017,07-12-2017,Central,Office Supplies,52.29,9
211,CA-2017-135860,01-12-2017,07-12-2017,Central,Office Supplies,91.99,1
212,CA-2015-101007,09-02-2015,13-02-2015,Central,Technology,20.8,2
213,CA-2015-146262,02-01-2015,09-01-2015,East,Office Supplies,23.68,2
214,CA-2015-146262,02-01-2015,09-01-2015,East,Furniture,452.45,5
215,CA-2015-146262,02-01-2015,09-01-2015,East,Technology,62.982,3
216,CA-2015-146262,02-01-2015,09-01-2015,,Technology,1188,9
217,CA-2015-146262,02-01-2015,09-01-2015,East,Technology,89.584,2
218,CA-2016-130162,28-10-2016,01-11-2016,West,Office Supplies,93.06,6
219,CA-2016-130162,28-10-2016,01-11-2016,West,Technology,302.376,3
220,CA-2015-169397,24-12-2015,27-12-2015,East,Office Supplies,5.584,2
221,CA-2015-169397,24-12-2015,27-12-2015,East,Office Supplies,22.704,6
222,CA-2015-169397,24-12-2015,27-12-2015,East,Office Supplies,19.776,4
223,CA-2015-169397,24-12-2015,27-12-2015,East,Furniture,72.704,4
224,CA-2015-169397,24-12-2015,27-12-2015,East,Technology,479.988,4
225,CA-2015-169397,24-12-2015,27-12-2015,East,Office Supplies,27.168,2
226,CA-2015-163055,09-08-2015,16-08-2015,Central,Office Supplies,2.2,1
227,CA-2015-163055,09-08-2015,16-08-2015,Central,Furniture,622.45,5
228,CA-2015-163055,09-08-2015,16-08-2015,Central,Office Supplies,21.98,1
229,US-2015-145436,28-02-2015,04-03-2015,South,Furniture,161.568,2
230,US-2015-145436,28-02-2015,04-03-2015,South,Furniture,389.696,8
231,US-2014-156216,13-09-2014,17-09-2014,South,Office Supplies,18.648,7
232,US-2017-100930,07-04-2017,12-04-2017,South,Furniture,233.86,2
233,US-2017-100930,07-04-2017,12-04-2017,South,Furniture,620.6145,3
234,US-2017-100930,07-04-2017,12-04-2017,South,Office Supplies,5.328,2
235,US-2017-100930,07-04-2017,12-04-2017,South,Furniture,258.072,3
236,US-2017-100930,07-04-2017,12-04-2017,South,,617.976,3
237,CA-2017-160514,12-11-2017,16-11-2017,West,Office Supplies,10.56,2
238,CA-2016-157749,04-06-2016,09-06-2016,Central,Office Supplies,25.92,5
239,CA-2016-157749,04-06-2016,09-06-2016,Central,Furniture,419.68,5
240,CA-2016-157749,04-06-2016,09-06-2016,Central,Furniture,11.688,3
241,CA-2016-157749,04-06-2016,09-06-2016,Central,Technology,31.984,2
242,CA-2016-157749,04-06-2016,09-06-2016,Central,Furniture,177.225,5
243,CA-2016-157749,04-06-2016,09-06-2016,Central,Furniture,4.044,3
244,CA-2016-157749,04-06-2016,09-06-2016,Central,Office Supplies,7.408,2
245,CA-2014-131926,01-06-2014,06-06-2014,Central,Furniture,2001.86,7
246,CA-2014-131926,01-06-2014,06-06-2014,Central,Office Supplies,166.72,2
247,CA-2014-131926,01-06-2014,06-06-2014,Central,Office Supplies,47.88,6
248,CA-2014-131926,01-06-2014,06-06-2014,Central,Office Supplies,1503.25,5
249,CA-2014-131926,01-06-2014,06-06-2014,Central,Office Supplies,25.92,4
250,CA-2016-154739,10-12-2016,15-12-2016,West,Furniture,321.568,2
251,CA-2016-145625,11-09-2016,17-09-2016,West,Office Supplies,7.61,1
252,CA-2016-145625,11-09-2016,17-09-2016,West,Technology,3347.37,13
253,CA-2016-146941,10-12-2016,13-12-2016,East,Office Supplies,80.58,6
254,CA-2016-146941,10-12-2016,13-12-2016,East,,361.92,4
255,US-2015-159982,28-11-2015,04-12-2015,Central,Furniture,12.132,9
256,US-2015-159982,28-11-2015,04-12-2015,Central,Office Supplies,82.368,2
257,US-2015-159982,28-11-2015,04-12-2015,Central,Office Supplies,53.92,5
258,US-2015-159982,28-11-2015,04-12-2015,Central,Technology,647.904,6
259,CA-2017-163139,01-12-2017,03-12-2017,East,Technology,20.37,3
260,CA-2017-163139,01-12-2017,03-12-2017,East,Office Supplies,221.55,3
261,CA-2017-163139,01-12-2017,03-12-2017,East,Office Supplies,17.52,5
262,US-2017-155299,08-06-2017,12-06-2017,Central,Office Supplies,1.624,2
263,US-2014-106992,19-09-2014,21-09-2014,Central,Technology,3059.982,3
264,US-2014-106992,19-09-2014,21-09-2014,Central,Technology,2519.958,7
265,CA-2016-125318,06-06-2016,13-06-2016,Central,Technology,328.224,4
266,CA-2015-155040,10-11-2015,15-11-2015,West,Technology,79.9,2
267,CA-2017-136826,16-06-2017,20-06-2017,South,Office Supplies,14.016,3
268,CA-2016-111010,22-01-2016,28-01-2016,East,Office Supplies,7.56,6
269,US-2017-145366,09-12-2017,13-12-2017,East,Office Supplies,37.208,1
270,US-2017-145366,09-12-2017,13-12-2017,East,,57.576,3
271,CA-2017-163979,28-12-2017,02-01-2018,West,Office Supplies,725.84,4
272,CA-2015-155334,30-07-2015,31-07-2015,West,Technology,209.93,7
273,CA-2015-155334,30-07-2015,31-07-2015,West,Furniture,5.28,3
274,CA-2015-155334,30-07-2015,31-07-2015,West,Office Supplies,10.92,3
275,CA-2017-118136,16-09-2017,17-09-2017,West,Office Supplies,8.82,2
276,CA-2017-118136,16-09-2017,17-09-2017,West,Office Supplies,5.98,1
277,CA-2017-132976,13-10-2017,17-10-2017,East,Office Supplies,11.648,2
278,CA-2017-132976,13-10-2017,17-10-2017,East,Office Supplies,18.176,4
279,CA-2017-132976,13-10-2017,17-10-2017,East,Office Supplies,59.712,6
280,CA-2017-132976,13-10-2017,17-10-2017,East,Office Supplies,24.84,3
281,US-2015-161991,26-09-2015,28-09-2015,Central,Office Supplies,2.08,5
282,US-2015-161991,26-09-2015,28-09-2015,Central,Technology,1114.4,7
283,CA-2015-130890,02-11-2015,06-11-2015,West,Furniture,1038.84,5
284,CA-2015-130883,26-09-2015,02-10-2015,West,Office Supplies,141.76,5
285,CA-2015-130883,26-09-2015,02-10-2015,West,,239.8,5
286,CA-2015-130883,26-09-2015,02-10-2015,West,Office Supplies,31.104,6
287,CA-2016-112697,18-12-2016,20-12-2016,South,Office Supplies,254.058,7
288,CA-2016-112697,18-12-2016,20-12-2016,South,Office Supplies,194.528,2
289,CA-2016-112697,18-12-2016,20-12-2016,South,Office Supplies,961.48,5
290,CA-2016-110772,20-11-2016,24-11-2016,East,Office Supplies,19.096,7
291,CA-2016-110772,20-11-2016,24-11-2016,East,Office Supplies,18.496,8
292,CA-2016-110772,20-11-2016,24-11-2016,East,Technology,255.984,2
293,CA-2016-110772,20-11-2016,24-11-2016,East,Furniture,86.97,3
294,CA-2014-111451,26-12-2014,28-12-2014,West,Furniture,300.416,8
295,CA-2014-111451,26-12-2014,28-12-2014,West,Furniture,230.352,3
296,CA-2014-111451,26-12-2014,28-12-2014,West,Furniture,218.352,3
297,CA-2014-111451,26-12-2014,28-12-2014,West,Office Supplies,78.6,5
298,CA-2014-111451,26-12-2014,28-12-2014,West,Office Supplies,27.552,3
299,CA-2016-142545,28-10-2016,03-11-2016,East,Office Supplies,32.4,5
300,CA-2016-142545,28-10-2016,03-11-2016,East,Office Supplies,1082.48,8
301,CA-2016-142545,28-10-2016,03-11-2016,East,Office Supplies,56.91,3
302,CA-2016-142545,28-10-2016,03-11-2016,,,77.6,4
303,CA-2016-142545,28-10-2016,03-11-2016,East,Office Supplies,14.28,1
304,US-2017-152380,19-11-2017,23-11-2017,Central,Furniture,219.075,3
305,CA-2015-144253,04-05-2015,09-05-2015,East,Furniture,26.8,2
306,CA-2014-130960,30-12-2014,04-01-2015,Central,Office Supplies,9.84,3
307,CA-2014-111003,01-06-2014,06-06-2014,East,Office Supplies,45.48,3
308,CA-2014-111003,01-06-2014,06-06-2014,East,Office Supplies,289.2,6
309,CA-2017-126774,15-04-2017,17-04-2017,South,Office Supplies,4.89,1
310,CA-2016-142902,12-09-2016,14-09-2016,West,Furniture,15.136,4
311,CA-2016-142902,12-09-2016,14-09-2016,West,Furniture,466.768,2
312,CA-2016-142902,12-09-2016,14-09-2016,West,Furniture,15.232,1
313,CA-2016-142902,12-09-2016,14-09-2016,West,Office Supplies,6.264,3
314,CA-2014-120887,27-09-2014,03-10-2014,East,Furniture,87.54,3
315,CA-2014-167850,09-08-2014,16-08-2014,South,Technology,178.384,2
316,CA-2014-167850,09-08-2014,16-08-2014,South,Office Supplies,15.552,3
317,CA-2014-164259,28-12-2014,30-12-2014,East,Office Supplies,99.136,4
318,CA-2014-164973,04-11-2014,09-11-2014,East,Furniture,135.882,1
319,CA-2014-164973,04-11-2014,09-11-2014,East,Technology,3991.98,2
320,CA-2014-164973,04-11-2014,09-11-2014,East,Technology,275.94,6
321,CA-2014-164973,04-11-2014,09-11-2014,East,Technology,360,4
322,CA-2014-164973,04-11-2014,09-11-2014,East,Office Supplies,43.57,1
323,CA-2014-156601,19-09-2014,24-09-2014,West,,7.16,2
324,CA-2016-162138,23-04-2016,27-04-2016,West,Office Supplies,251.52,6
325,CA-2016-162138,23-04-2016,27-04-2016,West,Technology,99.99,1
326,CA-2017-153339,03-11-2017,05-11-2017,South,Furniture,15.992,1
327,US-2016-141544,30-08-2016,01-09-2016,East,Technology,290.898,3
328,US-2016-141544,30-08-2016,01-09-2016,East,Office Supplies,54.224,2
329,US-2016-141544,30-08-2016,01-09-2016,East,Furniture,786.744,4
330,US-2016-141544,30-08-2016,01-09-2016,East,Office Supplies,100.24,10
331,US-2016-141544,30-08-2016,01-09-2016,East,Office Supplies,37.764,6
332,US-2016-150147,25-04-2016,29-04-2016,East,Technology,82.8,2
333,US-2016-150147,25-04-2016,29-04-2016,East,Office Supplies,20.724,2
334,US-2016-150147,25-04-2016,29-04-2016,East,Office Supplies,4.896,3
335,CA-2015-137946,01-09-2015,04-09-2015,West,Office Supplies,4.752,1
336,CA-2015-137946,01-09-2015,04-09-2015,West,Technology,959.984,2
337,CA-2015-137946,01-09-2015,04-09-2015,West,Office Supplies,14.368,4
338,CA-2014-129924,12-07-2014,17-07-2014,West,Office Supplies,7.712,2
339,CA-2014-129924,12-07-2014,17-07-2014,West,Furniture,698.352,3
340,CA-2015-128167,22-06-2015,26-06-2015,West,Office Supplies,4.96,4
341,CA-2014-122336,13-04-2014,17-04-2014,East,Office Supplies,17.856,4
342,CA-2014-122336,13-04-2014,17-04-2014,,Office Supplies,509.97,10
343,CA-2014-122336,13-04-2014,17-04-2014,East,Office Supplies,30.992,13
344,CA-2014-122336,13-04-2014,17-04-2014,East,Technology,71.928,12
345,US-2015-120712,20-12-2015,24-12-2015,Central,Office Supplies,88.8,4
346,CA-2017-169901,15-06-2017,19-06-2017,,Technology,47.976,3
347,CA-2017-134306,08-07-2017,12-07-2017,East,Office Supplies,7.56,3
348,CA-2017-134306,08-07-2017,12-07-2017,East,Office Supplies,24.56,2
349,CA-2017-134306,08-07-2017,12-07-2017,East,Office Supplies,12.96,2
350,CA-2016-129714,01-09-2016,03-09-2016,East,Technology,6.79,1
351,CA-2016-129714,01-09-2016,03-09-2016,East,Office Supplies,24.56,2
352,CA-2016-129714,01-09-2016,03-09-2016,East,Office Supplies,3.048,1
353,CA-2016-129714,01-09-2016,03-09-2016,East,Office Supplies,49.12,4
354,CA-2016-129714,01-09-2016,03-09-2016,East,Office Supplies,4355.168,4
355,CA-2016-138520,08-04-2016,13-04-2016,East,Furniture,388.704,6
356,CA-2016-138520,08-04-2016,13-04-2016,East,Office Supplies,8.26,2
357,CA-2016-138520,08-04-2016,13-04-2016,East,Office Supplies,17.04,4
358,CA-2016-138520,08-04-2016,13-04-2016,East,Office Supplies,34.4,5
359,CA-2016-130001,23-04-2016,28-04-2016,South,Office Supplies,36.24,5
360,CA-2017-155698,08-03-2017,11-03-2017,South,Office Supplies,647.84,8
361,CA-2017-155698,08-03-2017,11-03-2017,South,Office Supplies,20.7,2
362,CA-2017-144904,25-09-2017,01-10-2017,East,Office Supplies,20.7,2
363,CA-2017-144904,25-09-2017,01-10-2017,East,Furniture,488.646,3
364,CA-2017-144904,25-09-2017,01-10-2017,East,Office Supplies,5.56,2
365,CA-2017-144904,25-09-2017,01-10-2017,East,Furniture,47.12,8
366,CA-2014-123344,24-09-2014,29-09-2014,West,Office Supplies,211.96,4
367,CA-2016-155516,21-10-2016,21-10-2016,East,Office Supplies,23.2,4
369,CA-2016-155516,21-10-2016,21-10-2016,East,Office Supplies,104.79,7
368,CA-2016-155516,21-10-2016,21-10-2016,East,Office Supplies,7.36,2
369,CA-2016-155516,21-10-2016,21-10-2016,East,Office Supplies,104.79,7
370,CA-2016-155516,21-10-2016,21-10-2016,East,Furniture,1043.92,4
371,CA-2017-104745,29-05-2017,04-06-2017,Central,Office Supplies,25.92,5
372,CA-2017-104745,29-05-2017,04-06-2017,,Office Supplies,53.424,3
373,US-2014-119137,23-07-2014,27-07-2014,West,Office Supplies,8.16,5
374,US-2014-119137,23-07-2014,27-07-2014,West,Technology,1023.936,8
375,US-2014-119137,23-07-2014,27-07-2014,West,,9.24,1
376,US-2014-119137,23-07-2014,27-07-2014,West,Technology,479.04,10
377,US-2016-134656,28-09-2016,01-10-2016,Central,Office Supplies,99.136,4
378,US-2017-134481,27-08-2017,01-09-2017,East,Furniture,1488.424,7
379,CA-2015-130792,28-04-2015,05-05-2015,Central,Office Supplies,8.652,3
380,CA-2015-130792,28-04-2015,05-05-2015,Central,Office Supplies,23.832,3
381,CA-2015-130792,28-04-2015,05-05-2015,Central,Office Supplies,12.176,4
382,CA-2016-134775,28-10-2016,29-10-2016,West,Office Supplies,50.96,7
383,CA-2016-134775,28-10-2016,29-10-2016,West,Office Supplies,49.536,3
384,CA-2015-125395,26-06-2015,29-06-2015,Central,Technology,41.9,2
385,US-2015-168935,27-11-2015,02-12-2015,South,Furniture,375.4575,3
386,US-2015-168935,27-11-2015,02-12-2015,South,Technology,83.976,3
387,CA-2015-122756,03-12-2015,07-12-2015,East,Technology,482.34,4
388,CA-2015-122756,03-12-2015,07-12-2015,East,Furniture,2.96,1
389,CA-2014-115973,24-11-2014,26-11-2014,East,Office Supplies,2.624,1
390,CA-2017-101798,11-12-2017,15-12-2017,East,Office Supplies,23.36,4
391,CA-2017-101798,11-12-2017,15-12-2017,East,Technology,39.98,2
392,US-2014-135972,21-09-2014,23-09-2014,West,Technology,246.384,2
393,US-2014-135972,21-09-2014,23-09-2014,West,Technology,1799.97,3
394,US-2014-134971,07-06-2014,10-06-2014,Central,Office Supplies,12.462,3
395,CA-2017-102946,30-06-2017,05-07-2017,West,Office Supplies,75.792,3
396,CA-2017-165603,17-10-2017,19-10-2017,East,Office Supplies,49.96,2
397,CA-2017-165603,17-10-2017,19-10-2017,East,Office Supplies,12.96,2
398,CA-2015-122259,31-10-2015,04-11-2015,Central,Office Supplies,70.12,4
399,CA-2016-108987,08-09-2016,10-09-2016,Central,Office Supplies,35.952,3
400,CA-2016-108987,08-09-2016,10-09-2016,Central,Furniture,2396.2656,4
401,CA-2016-108987,08-09-2016,10-09-2016,Central,Office Supplies,,4
402,CA-2016-108987,08-09-2016,10-09-2016,Central,Technology,57.584,2
403,CA-2014-113166,24-12-2014,26-12-2014,,Office Supplies,9.568,2
404,CA-2014-155208,16-04-2014,20-04-2014,South,Office Supplies,39.072,6
405,CA-2017-117933,24-12-2017,29-12-2017,East,Office Supplies,35.91,3
406,CA-2017-117457,08-12-2017,12-12-2017,West,Technology,179.95,5
407,CA-2017-117457,08-12-2017,12-12-2017,West,Technology,1199.976,3
408,CA-2017-117457,08-12-2017,12-12-2017,West,Office Supplies,27.15,5
409,CA-2017-117457,08-12-2017,12-12-2017,West,Furniture,1004.024,7
410,CA-2017-117457,08-12-2017,12-12-2017,West,Office Supplies,9.68,1
411,CA-2017-117457,08-12-2017,12-12-2017,West,Office Supplies,28.35,9
412,CA-2017-117457,08-12-2017,12-12-2017,West,Office Supplies,55.98,1
413,CA-2017-117457,08-12-2017,12-12-2017,West,Furniture,1336.829,13
414,CA-2017-117457,08-12-2017,12-12-2017,West,Furniture,113.568,2
415,CA-2017-142636,03-11-2017,07-11-2017,West,Office Supplies,139.86,7
416,CA-2017-142636,03-11-2017,07-11-2017,West,Furniture,307.136,4
417,CA-2017-122105,24-06-2017,28-06-2017,West,Office Supplies,95.92,8
418,CA-2016-148796,14-04-2016,18-04-2016,West,Furniture,383.8,5
419,CA-2017-154816,06-11-2017,10-11-2017,South,Office Supplies,5.78,1
420,CA-2017-110478,04-03-2017,09-03-2017,West,Office Supplies,9.32,4
421,CA-2017-110478,04-03-2017,09-03-2017,West,Office Supplies,15.25,1
422,CA-2014-142048,22-06-2014,25-06-2014,West,Technology,196.752,6
423,CA-2017-125388,19-10-2017,23-10-2017,East,Furniture,56.56,4
424,CA-2017-125388,19-10-2017,23-10-2017,East,Office Supplies,,3
425,CA-2017-155705,21-08-2017,23-08-2017,South,,866.4,4
426,CA-2017-149160,23-11-2017,26-11-2017,Central,Furniture,28.4,2
427,CA-2017-149160,23-11-2017,26-11-2017,Central,Office Supplies,287.92,8
428,CA-2014-101476,12-09-2014,13-09-2014,East,Technology,69.99,1
429,CA-2017-152275,01-10-2017,08-10-2017,Central,Office Supplies,6.672,6
430,US-2016-123750,15-04-2016,21-04-2016,South,Office Supplies,189.588,2
431,US-2016-123750,15-04-2016,21-04-2016,,Technology,408.744,7
432,US-2016-123750,15-04-2016,21-04-2016,South,Technology,291.96,5
433,US-2016-123750,15-04-2016,21-04-2016,South,Office Supplies,4.768,2
434,CA-2016-127369,06-06-2016,07-06-2016,East,,714.3,5
435,US-2014-150574,19-12-2014,25-12-2014,South,Office Supplies,4.812,2
436,US-2014-150574,19-12-2014,25-12-2014,South,Technology,247.8,5
437,CA-2016-147375,12-06-2016,14-06-2016,Central,Technology,1007.979,3
438,CA-2016-147375,12-06-2016,14-06-2016,Central,Office Supplies,313.488,7
439,CA-2017-130043,15-09-2017,19-09-2017,Central,Office Supplies,31.872,8
440,CA-2017-157252,20-01-2017,23-01-2017,East,Furniture,207.846,3
441,CA-2016-115756,05-09-2016,07-09-2016,Central,Furniture,12.22,1
442,CA-2016-115756,05-09-2016,07-09-2016,Central,Office Supplies,194.94,3
443,CA-2016-115756,05-09-2016,07-09-2016,Central,Office Supplies,70.95,3
444,CA-2016-115756,05-09-2016,07-09-2016,Central,Office Supplies,91.36,4
445,CA-2016-115756,05-09-2016,07-09-2016,Central,Furniture,242.94,3
446,CA-2016-115756,05-09-2016,07-09-2016,Central,Office Supplies,,7
447,CA-2017-154214,20-03-2017,25-03-2017,Central,Furniture,2.91,1
448,CA-2016-166674,01-04-2016,03-04-2016,East,Office Supplies,59.52,3
449,CA-2016-166674,01-04-2016,03-04-2016,East,Office Supplies,161.94,3
450,CA-2016-166674,01-04-2016,03-04-2016,East,Office Supplies,263.88,6
451,CA-2016-166674,01-04-2016,03-04-2016,East,Office Supplies,30.48,3
452,CA-2016-166674,01-04-2016,03-04-2016,East,Office Supplies,9.84,3
453,CA-2016-166674,01-04-2016,03-04-2016,East,Technology,35.12,4
454,CA-2017-147277,20-10-2017,24-10-2017,East,Furniture,284.364,2
455,CA-2017-147277,20-10-2017,24-10-2017,East,Office Supplies,665.408,2
456,CA-2016-100153,13-12-2016,17-12-2016,Central,Technology,63.88,4
457,US-2014-110674,12-02-2014,18-02-2014,West,Furniture,129.568,2
458,US-2016-157945,26-09-2016,01-10-2016,Central,Furniture,747.558,3
459,US-2016-157945,26-09-2016,01-10-2016,Central,Office Supplies,8.928,2
460,CA-2015-109638,15-12-2015,22-12-2015,West,,103.92,4
461,CA-2015-109638,15-12-2015,22-12-2015,West,Technology,899.91,9
462,CA-2015-109638,15-12-2015,22-12-2015,,Office Supplies,51.312,3
463,CA-2016-109869,22-04-2016,29-04-2016,West,Furniture,23.56,5
464,CA-2016-109869,22-04-2016,29-04-2016,West,Furniture,1272.63,6
465,CA-2016-109869,22-04-2016,29-04-2016,West,Office Supplies,28.485,5
466,CA-2016-109869,22-04-2016,29-04-2016,West,Office Supplies,185.376,2
467,CA-2016-109869,22-04-2016,29-04-2016,West,Office Supplies,78.272,2
468,US-2015-101399,17-01-2015,24-01-2015,Central,Furniture,254.744,7
469,CA-2017-154907,31-03-2017,04-04-2017,Central,Furniture,205.3328,2
470,US-2016-100419,16-12-2016,20-12-2016,Central,Office Supplies,4.788,3
471,CA-2015-154144,20-12-2015,24-12-2015,East,Office Supplies,55.48,1
472,CA-2014-144666,09-11-2014,11-11-2014,West,Office Supplies,340.92,3
473,CA-2014-144666,09-11-2014,11-11-2014,West,Furniture,222.666,2
474,CA-2014-144666,09-11-2014,11-11-2014,West,Technology,703.968,4
475,CA-2014-144666,09-11-2014,11-11-2014,West,Office Supplies,92.52,6
476,CA-2014-144666,09-11-2014,11-11-2014,West,Office Supplies,62.65,7
477,CA-2014-144666,09-11-2014,11-11-2014,West,Office Supplies,94.85,5
478,CA-2016-103891,12-07-2016,19-07-2016,West,Technology,95.76,6
479,CA-2016-152632,27-10-2016,02-11-2016,East,Furniture,40.2,3
480,CA-2016-100790,26-06-2016,02-07-2016,East,,14.7,5
481,CA-2016-100790,26-06-2016,02-07-2016,East,Office Supplies,704.25,5
482,CA-2014-134677,06-10-2014,10-10-2014,West,Technology,9.09,3
483,CA-2014-127691,22-07-2014,27-07-2014,East,Office Supplies,5.96,2
484,CA-2014-127691,22-07-2014,27-07-2014,East,Technology,159.98,2
485,CA-2017-140963,10-06-2017,13-06-2017,West,Office Supplies,29.6,2
486,CA-2017-140963,10-06-2017,13-06-2017,West,Furniture,514.165,5
487,CA-2017-140963,10-06-2017,13-06-2017,West,Technology,279.96,5
488,CA-2014-154627,29-10-2014,31-10-2014,Central,Technology,2735.952,6
489,CA-2014-133753,09-06-2014,13-06-2014,Central,Technology,7.992,1
490,CA-2014-133753,09-06-2014,13-06-2014,Central,Technology,63.984,2
491,CA-2014-133753,09-06-2014,13-06-2014,Central,Office Supplies,70.368,2
492,CA-2014-113362,14-09-2014,19-09-2014,East,Office Supplies,449.15,5
493,CA-2014-113362,14-09-2014,19-09-2014,East,Office Supplies,11.07,3
494,CA-2016-169166,09-05-2016,14-05-2016,West,Technology,93.98,2
495,US-2016-120929,18-03-2016,21-03-2016,South,Furniture,189.882,3
496,CA-2015-134782,27-12-2015,31-12-2015,South,Office Supplies,105.42,2
497,CA-2016-126158,25-07-2016,31-07-2016,West,Office Supplies,119.616,8
498,CA-2016-126158,25-07-2016,31-07-2016,West,,255.76,4
499,CA-2016-126158,25-07-2016,31-07-2016,West,Furniture,241.568,2
500,CA-2016-126158,25-07-2016,31-07-2016,West,Furniture,69.3,9
501,US-2016-105578,30-05-2016,04-06-2016,West,Office Supplies,22.62,2
502,US-2016-105578,30-05-2016,04-06-2016,West,Office Supplies,14.952,2
503,US-2016-105578,30-05-2016,04-06-2016,West,Furniture,801.568,2
504,US-2016-105578,30-05-2016,04-06-2016,West,Office Supplies,2.376,3
505,US-2016-105578,30-05-2016,04-06-2016,West,Office Supplies,32.792,1
506,CA-2017-134978,12-11-2017,15-11-2017,East,Office Supplies,15.92,5
507,CA-2015-145352,16-03-2015,22-03-2015,South,Office Supplies,2.74,1
508,CA-2015-145352,16-03-2015,22-03-2015,South,Office Supplies,8.34,3
509,CA-2015-145352,16-03-2015,22-03-2015,South,Office Supplies,46.74,3
510,CA-2015-145352,16-03-2015,22-03-2015,South,Office Supplies,6354.95,5
511,CA-2017-135307,26-11-2017,27-11-2017,Central,Furniture,126.3,3
512,CA-2017-135307,26-11-2017,27-11-2017,Central,Technology,38.04,2
513,CA-2016-106341,20-10-2016,23-10-2016,East,,7.152,3
514,CA-2017-163405,21-12-2017,25-12-2017,West,Office Supplies,6.63,3
515,CA-2017-163405,21-12-2017,25-12-2017,West,Office Supplies,5.88,2
516,CA-2017-127432,22-01-2017,27-01-2017,West,Technology,2999.95,5
517,CA-2017-127432,22-01-2017,27-01-2017,West,Office Supplies,51.45,3
518,CA-2017-127432,22-01-2017,27-01-2017,West,Office Supplies,11.96,2
519,CA-2017-127432,22-01-2017,27-01-2017,West,Office Supplies,1126.02,3
520,CA-2015-157812,22-03-2015,26-03-2015,Central,Technology,18.392,1
521,CA-2015-157812,22-03-2015,26-03-2015,Central,Office Supplies,129.568,2
522,CA-2015-157812,22-03-2015,26-03-2015,Central,Office Supplies,14.112,9
523,CA-2017-145142,23-01-2017,25-01-2017,Central,Furniture,210.98,2
524,US-2016-139486,21-05-2016,23-05-2016,West,Technology,55.176,3
525,US-2016-139486,21-05-2016,23-05-2016,West,,66.26,2
526,CA-2015-158792,26-12-2015,02-01-2016,East,Office Supplies,22.2,5
527,CA-2017-113558,21-10-2017,26-10-2017,South,Furniture,683.952,3
528,CA-2017-113558,21-10-2017,26-10-2017,South,Furniture,45.696,3
529,US-2015-138303,03-09-2015,07-09-2015,East,Office Supplies,36.336,3
530,US-2015-138303,03-09-2015,07-09-2015,East,Office Supplies,666.248,1
531,US-2015-138303,03-09-2015,07-09-2015,East,Office Supplies,52.512,6
532,CA-2015-102848,07-11-2015,09-11-2015,West,Furniture,190.72,1
533,US-2017-129441,07-09-2017,11-09-2017,West,Furniture,47.94,3
534,CA-2016-168753,29-05-2016,01-06-2016,South,Technology,979.95,5
535,CA-2016-168753,29-05-2016,01-06-2016,South,Office Supplies,22.75,5
536,CA-2016-126613,10-07-2016,16-07-2016,West,Office Supplies,16.768,2
537,US-2017-122637,03-09-2017,08-09-2017,Central,Office Supplies,42.616,7
538,CA-2015-147851,03-12-2015,08-12-2015,East,Office Supplies,10.752,4
535,CA-2016-168753,29-05-2016,01-06-2016,South,Office Supplies,22.75,5
539,CA-2015-134894,07-12-2015,11-12-2015,South,Office Supplies,152.94,3
540,CA-2015-134894,07-12-2015,11-12-2015,South,,283.92,4
541,CA-2014-140795,01-02-2014,03-02-2014,Central,Technology,468.9,6
542,CA-2016-136924,14-07-2016,17-07-2016,West,Technology,380.864,8
543,US-2015-120161,18-12-2015,23-12-2015,East,Office Supplies,646.776,9
544,CA-2014-103849,11-05-2014,16-05-2014,Central,Technology,58.112,2
545,CA-2014-103849,11-05-2014,16-05-2014,Central,Technology,100.792,1
546,CA-2014-103849,11-05-2014,16-05-2014,Central,Furniture,66.112,4
547,CA-2017-162929,19-11-2017,22-11-2017,East,Office Supplies,41.28,6
548,CA-2017-162929,19-11-2017,22-11-2017,East,Office Supplies,13.36,2
549,CA-2015-113173,15-11-2015,17-11-2015,Central,Office Supplies,250.272,9
550,CA-2015-113173,15-11-2015,17-11-2015,Central,Office Supplies,11.364,3
551,CA-2015-113173,15-11-2015,17-11-2015,Central,Office Supplies,8.72,5
552,CA-2016-136406,15-04-2016,17-04-2016,West,Furniture,1121.568,2
553,CA-2017-112774,11-09-2017,12-09-2017,South,Furniture,34.504,1
554,CA-2017-101945,24-11-2017,28-11-2017,Central,Office Supplies,10.824,3
555,CA-2017-100650,29-06-2017,03-07-2017,West,Office Supplies,1295.78,2
556,CA-2014-155852,03-03-2014,07-03-2014,South,Office Supplies,19.456,4
557,CA-2016-113243,10-06-2016,15-06-2016,West,Office Supplies,20.7,2
558,CA-2016-113243,10-06-2016,15-06-2016,West,,1335.68,4
559,CA-2016-113243,10-06-2016,15-06-2016,West,Office Supplies,32.4,5
560,CA-2017-118731,20-11-2017,22-11-2017,West,Furniture,42.6,3
561,CA-2017-118731,20-11-2017,22-11-2017,West,Office Supplies,84.056,7
562,CA-2014-145576,14-09-2014,18-09-2014,South,Office Supplies,13,5
563,CA-2014-145576,14-09-2014,18-09-2014,South,Furniture,13.128,3
564,CA-2015-130736,07-12-2015,09-12-2015,West,Office Supplies,3.96,2
565,CA-2015-130736,07-12-2015,09-12-2015,West,Office Supplies,2.61,1
566,CA-2017-137099,07-12-2017,10-12-2017,West,Technology,374.376,3
567,CA-2017-156951,01-10-2017,08-10-2017,West,Office Supplies,91.84,8
568,CA-2017-156951,01-10-2017,08-10-2017,West,Office Supplies,81.088,7
569,CA-2017-156951,01-10-2017,08-10-2017,West,Office Supplies,19.44,3
570,CA-2017-156951,01-10-2017,08-10-2017,West,Furniture,451.152,3
571,CA-2017-164826,28-12-2017,04-01-2018,East,Office Supplies,72.45,7
572,CA-2017-164826,28-12-2017,04-01-2018,East,Office Supplies,13.96,4
573,CA-2017-164826,28-12-2017,04-01-2018,East,Office Supplies,33.264,7
574,CA-2017-164826,28-12-2017,04-01-2018,East,Technology,14.85,3
575,CA-2016-127250,03-11-2016,07-11-2016,West,Office Supplies,8.82,3
576,CA-2015-149713,18-09-2015,22-09-2015,West,,160.72,14
577,CA-2015-149713,18-09-2015,22-09-2015,West,Office Supplies,19.92,4
578,CA-2015-149713,18-09-2015,22-09-2015,West,Office Supplies,7.3,2
578,CA-2015-149713,18-09-2015,22-09-2015,West,Office Supplies,7.3,2
579,CA-2017-118640,20-07-2017,26-07-2017,Central,Office Supplies,69.712,2
580,CA-2017-118640,20-07-2017,26-07-2017,Central,Furniture,8.792,1
581,CA-2015-132906,10-09-2015,14-09-2015,West,Office Supplies,51.52,4
582,CA-2017-145233,01-12-2017,05-12-2017,West,Technology,470.376,3
583,CA-2017-145233,01-12-2017,05-12-2017,West,Technology,105.584,2
584,CA-2017-145233,01-12-2017,05-12-2017,West,Office Supplies,31.152,3
585,CA-2017-145233,01-12-2017,05-12-2017,West,Office Supplies,6.783,7
586,CA-2017-145233,01-12-2017,05-12-2017,West,Technology,406.368,4
587,CA-2015-128139,03-07-2015,09-07-2015,South,Furniture,70.98,1
588,CA-2015-128139,03-07-2015,09-07-2015,South,Office Supplies,294.93,3
589,US-2016-156986,20-03-2016,24-03-2016,West,Technology,84.784,2
590,US-2016-156986,20-03-2016,24-03-2016,West,Office Supplies,20.736,4
591,US-2016-156986,20-03-2016,24-03-2016,,Office Supplies,16.821,3
592,US-2016-156986,20-03-2016,24-03-2016,West,Office Supplies,10.368,2
593,CA-2014-135405,09-01-2014,13-01-2014,Central,Office Supplies,9.344,2
594,CA-2014-135405,09-01-2014,13-01-2014,Central,Technology,31.2,3
595,CA-2014-131450,08-08-2014,15-08-2014,West,Office Supplies,76.12,2
596,CA-2014-131450,08-08-2014,15-08-2014,West,Technology,1199.976,3
597,CA-2014-131450,08-08-2014,15-08-2014,West,Technology,445.96,5
598,CA-2014-131450,08-08-2014,15-08-2014,West,Furniture,327.76,8
599,CA-2016-120180,14-07-2016,16-07-2016,East,Office Supplies,11.632,2
600,US-2016-100720,16-07-2016,21-07-2016,East,Technology,143.982,3
601,US-2016-100720,16-07-2016,21-07-2016,East,Technology,494.376,4
602,US-2016-100720,16-07-2016,21-07-2016,East,Office Supplies,5.84,2
603,CA-2014-149958,15-03-2014,19-03-2014,South,Office Supplies,142.776,1
604,CA-2014-149958,15-03-2014,19-03-2014,South,Furniture,45.696,3
605,CA-2014-149958,15-03-2014,19-03-2014,South,,7.218,3
606,CA-2014-149958,15-03-2014,19-03-2014,South,Office Supplies,43.188,4
607,CA-2014-149958,15-03-2014,19-03-2014,South,Office Supplies,131.904,3
608,US-2014-105767,23-05-2014,27-05-2014,East,Office Supplies,3.282,2
609,US-2014-105767,23-05-2014,27-05-2014,East,Office Supplies,21.168,9
610,US-2014-105767,23-05-2014,27-05-2014,East,Technology,55.188,2
611,CA-2016-161816,28-04-2016,01-05-2016,Central,Technology,369.576,3
612,CA-2016-161816,28-04-2016,01-05-2016,Central,Office Supplies,15.712,4
613,CA-2016-121223,11-09-2016,13-09-2016,East,Office Supplies,8.448,2
614,CA-2016-121223,11-09-2016,13-09-2016,East,Technology,728.946,9
615,CA-2017-138611,14-11-2017,17-11-2017,East,Technology,119.94,10
616,CA-2017-138611,14-11-2017,17-11-2017,East,Office Supplies,3.648,2
617,CA-2017-117947,18-08-2017,23-08-2017,East,Furniture,40.48,2
618,CA-2017-117947,18-08-2017,23-08-2017,East,Furniture,9.94,2
619,CA-2017-117947,18-08-2017,23-08-2017,East,Office Supplies,107.424,9
620,CA-2017-117947,18-08-2017,23-08-2017,East,Technology,37.91,1
621,CA-2017-117947,18-08-2017,23-08-2017,East,Furniture,88.02,3
622,US-2014-111171,26-12-2014,31-12-2014,Central,Office Supplies,,5
623,CA-2015-138009,29-11-2015,03-12-2015,Central,Furniture,301.96,2
624,CA-2015-138009,29-11-2015,03-12-2015,Central,Office Supplies,555.21,5
625,CA-2015-138009,29-11-2015,03-12-2015,Central,Office Supplies,523.48,4
626,CA-2015-138009,29-11-2015,03-12-2015,Central,Office Supplies,161.82,9
627,CA-2017-163020,15-09-2017,19-09-2017,East,Furniture,35.56,7
628,CA-2017-153787,19-05-2017,23-05-2017,West,Office Supplies,97.16,2
629,CA-2017-133431,17-12-2017,21-12-2017,West,Office Supplies,15.24,5
630,CA-2017-133431,17-12-2017,21-12-2017,West,Office Supplies,13.23,3
631,US-2016-135720,11-12-2016,13-12-2016,West,Office Supplies,243.384,3
632,US-2016-135720,11-12-2016,13-12-2016,West,Technology,119.8,5
633,US-2016-135720,11-12-2016,13-12-2016,West,Technology,300.768,4
634,CA-2017-144694,24-09-2017,26-09-2017,South,Technology,17.88,3
635,CA-2017-144694,24-09-2017,26-09-2017,,Office Supplies,235.944,3
636,CA-2015-168004,04-10-2015,09-10-2015,South,Furniture,392.94,3
637,US-2016-123470,15-08-2016,21-08-2016,West,Office Supplies,18.882,3
638,US-2016-123470,15-08-2016,21-08-2016,West,Office Supplies,122.328,3
639,CA-2016-115917,20-05-2016,25-05-2016,West,Furniture,1049.2,5
640,CA-2016-115917,20-05-2016,25-05-2016,West,Office Supplies,15.424,4
641,CA-2016-147067,18-12-2016,22-12-2016,Central,Furniture,18.84,3
642,CA-2017-167913,30-07-2017,03-08-2017,West,Office Supplies,330.4,2
643,CA-2017-167913,30-07-2017,03-08-2017,West,Office Supplies,26.25,7
644,CA-2017-106103,10-06-2017,15-06-2017,Central,Technology,132.52,4
645,US-2017-127719,21-07-2017,25-07-2017,East,Office Supplies,6.48,1
646,CA-2017-126221,30-12-2017,05-01-2018,Central,Office Supplies,209.3,2
647,CA-2016-103947,01-04-2016,08-04-2016,West,Office Supplies,31.56,5
648,CA-2016-103947,01-04-2016,08-04-2016,West,Office Supplies,30.144,2
649,CA-2016-160745,11-12-2016,16-12-2016,West,Furniture,14.8,4
650,CA-2016-160745,11-12-2016,16-12-2016,West,,302.376,3
651,CA-2016-160745,11-12-2016,16-12-2016,West,Technology,316,4
652,CA-2016-132661,23-10-2016,29-10-2016,East,Office Supplies,379.4,10
653,CA-2017-140844,19-06-2017,23-06-2017,East,Office Supplies,97.82,2
654,CA-2017-140844,19-06-2017,23-06-2017,East,Technology,103.12,8
655,CA-2016-137239,22-08-2016,28-08-2016,East,Office Supplies,113.552,2
656,CA-2016-137239,22-08-2016,28-08-2016,East,Office Supplies,3.318,2
657,CA-2016-137239,22-08-2016,28-08-2016,East,Office Supplies,134.288,2
658,US-2016-156097,19-09-2016,19-09-2016,Central,Furniture,701.372,2
659,US-2016-156097,19-09-2016,19-09-2016,Central,Office Supplies,2.308,2
660,CA-2015-146563,24-08-2015,28-08-2015,Central,Office Supplies,999.432,7
661,CA-2015-146563,24-08-2015,28-08-2015,Central,Office Supplies,724.08,14
662,CA-2015-146563,24-08-2015,28-08-2015,Central,Furniture,918.785,5
663,CA-2015-146563,24-08-2015,28-08-2015,Central,Office Supplies,2.724,3
664,CA-2016-123666,26-03-2016,30-03-2016,East,Office Supplies,459.95,5
665,CA-2016-143308,04-11-2016,04-11-2016,South,Office Supplies,,3
666,CA-2017-132682,08-06-2017,10-06-2017,Central,Office Supplies,23.76,3
667,CA-2017-132682,08-06-2017,10-06-2017,Central,Office Supplies,85.056,3
668,CA-2017-132682,08-06-2017,10-06-2017,Central,Technology,381.576,3
669,CA-2014-156314,24-12-2014,26-12-2014,East,Furniture,30.36,5
670,US-2017-106663,09-06-2017,13-06-2017,Central,Furniture,23.976,3
671,US-2017-106663,09-06-2017,13-06-2017,Central,Furniture,108.925,1
672,US-2017-106663,09-06-2017,13-06-2017,Central,Office Supplies,36.352,8
673,CA-2017-111178,15-06-2017,22-06-2017,Central,Office Supplies,19.56,5
674,CA-2017-130351,05-12-2017,08-12-2017,Central,Office Supplies,61.44,3
675,CA-2017-130351,05-12-2017,08-12-2017,Central,Office Supplies,38.9,5
676,CA-2017-130351,05-12-2017,08-12-2017,Central,Technology,99.39,3
677,US-2017-119438,18-03-2017,23-03-2017,Central,Office Supplies,2.688,3
678,US-2017-119438,18-03-2017,23-03-2017,Central,Technology,27.816,3
679,US-2017-119438,18-03-2017,23-03-2017,Central,Furniture,82.524,3
680,US-2017-119438,18-03-2017,23-03-2017,,Office Supplies,182.994,3
681,CA-2016-164511,19-11-2016,24-11-2016,East,Office Supplies,14.352,3
682,CA-2016-164511,19-11-2016,24-11-2016,East,Office Supplies,64.96,2
683,CA-2016-164511,19-11-2016,24-11-2016,East,Office Supplies,68.6,4
684,US-2017-168116,04-11-2017,04-11-2017,South,Technology,7999.98,4
685,US-2017-168116,04-11-2017,04-11-2017,South,Office Supplies,167.44,2
686,CA-2014-157784,05-07-2014,08-07-2014,South,Technology,479.97,3
687,CA-2014-157784,05-07-2014,08-07-2014,South,Office Supplies,14.62,2
688,CA-2014-157784,05-07-2014,08-07-2014,South,Office Supplies,19.44,3
689,CA-2017-161480,25-12-2017,29-12-2017,East,Furniture,191.984,2
690,US-2014-117135,21-06-2014,23-06-2014,South,Furniture,104.01,1
